Word,Count
*,74
of,32
the,25
in,22
Year,19
and,19
image,18
@param,17
,16
to,15
for,14
Month,14
color,13
int,13
a,12
@return,11
version,11
1,10
Date,10
is,10
Calendar,10
if,10
resource,9
span,8
scroller,8
position,8
parse,8
current,8
calendar,8
date,8
end,8
1.7,8
this,7
@throws,7
year,7
selector,7
header,7
ImageManipulator,6
fluent,6
interface,6
time,6
width,6
string,6
Time,6
value,5
month,5
or,5
RuntimeException,5
mouse,5
with,5
cell,5
selected,5
day,5
height,5
file,4
var,4
Background,4
be,4
on,4
(decrease,4
Index,4
(increase,4
year),4
cal,4
change,4
Added,4
box,4
New,4
crop,4
Separator,4
month),4
new,4
left,4
Get,3
get,3
IE,3
picker,3
as,3
Configurable,3
not,3
can,3
2,3
number,3
that,3
where,3
Set,3
window,3
today's,3
down,3
parameters,3
@var,3
added,3
font,3
TengYong,2
array,2
style,2
clickable,2
:,2
table,2
[true|false],2
Color,2
To,2
y-coordinate,2
=,2
\canvas,\,2
open,2
Permission,2
Ng,2
then,2
******************End,2
element,2
button,2
last,2
Properties,2
from,2
Top,2
choose,2
Path,2
\icon,\,2
dropdown,2
Bottom,2
use,2
Week,2
data,2
spinner,2
textbox,2
negative,2
License,2
DTG,2
Existing,2
up,2
you,2
Show,2
right,2
modify,2
javascript,2
coordinate,2
ID,2
offset,2
when,2
$file,2
add,2
Canvas,2
null,2
prototype,2
w3c,2
centre,2
it,2
x-coordinate,2
relative,2
$height,2
first,2
void,2
by,2
click,2
arrow,2
$width,2
******************Month,2
Global,2
template,2
constructor,1
performs,1
called,1
generates,1
(2011+5),1
Replace,1
Firefox,1
3,1
End,1
String,1
frame,1
valid,1
\SundayColor="\#C0F64F"\;//Background\,1
23:19,1
$xpos,1
Saturday,1
outer,1
2.2.4,1
day;,1
Lavoie,1
example:,1
\2011,\,1
\header,\,1
arrow*********************************,1
\WeekHeadColor="\#18861B"\;//Background\,1
\"\January"\\,1
$y1,1
Jahreszahlen,1
Preceding,1
nur,1
show,1
(30-Dec-2010),1
$rgb,1
list*********************,1
kind,1
detail,1
\Mon,Tue,Wed\,1
finish,1
one,1
length,1
reset,1
Copyright,1
selection,1
y,1
true:Use,1
TimeMode,1
12,1
created:,1
variables,1
Canada),1
top,1
under,1
default,1
\2014,\,1
object,1
für,1
Templates,1
Labsmedia.com,1
SelDateColor,1
Created,1
\file,\,1
\"\#8DD53C"\;//Backgrond\,1
\"\-"\\,1
values,1
border,1
over,1
JSLint,1
$x2,1
2.1.2,1
retrieves,1
configuration,1
create,1
Default,1
moved,1
checking,1
\Separator,\,1
16-Nov-2003,1
determines,1
Y,1
canvas,1
events,1
UnexpectedValueException,1
\"\Minute"\\,1
Author,1
$x1,1
applications,1
Css,1
increment,1
lines,1
Table,1
30,1
Νοε,1
$ypos,1
29-Jan-2009,1
AM,1
single,1
coordinates,1
$fileName,1
2.2,1
Use,1
//added,1
cursor,1
stops,1
Image,1
+,1
Sunday,1
given,1
manipulator,1
refresh,1
bool,1
editor,1
allows,1
Resamples,1
http://www.rainforestnet.com,1
ab,1
Selector,1
My,1
int|array,1
week,1
disabled,1
Project,1
Before,1
The,1
\(Québec,\,1
Constrain,1
2016,1
modified,1
\Hack,\,1
hour,1
\Mo,Tu,We\,1
zero,1
4,1
Note:,1
your,1
FreeBSD,1
$res,1
\"\close"\\,1
PM,1
\"\arrows"\\,1
Y-Position,1
start,1
drop,1
above,1
proportions,1
Javasript,1
starts,1
Version:,1
will,1
name,1
Formatted,1
7:30:34,1
files,1
OPTIONAL,1
pick,1
$y2,1
want,1
today,1
(c),1
|,1
Enlarge,1
compatibility,1
24,1
granted,1
are,1
DOM,1
2003,1
function,1
&,1
First,1
name:,1
stylesheet,1
\TodayColor="\#FFFF33"\;//Background\,1
shows,1
DateTimePicker_css.js,1
still,1
Monday,1
only,1
Highlight,1
script,1
weekdays,1
Disable,1
proper,1
Headers,1
Save,1
\"\arrow"\\,1
X-Position,1
license,1
$data,1
ANY,1
Yvan,1
its,1
Weekday,1
move,1
decrement,1
redistribute,1
verify,1
X,1
long,1
event,1
Font,1
background,1
colour,1
$constrainProportions,1
Stelios,1
resizing,1
preferred,1
Parse,1
arrow******************************,1
Tools,1
125,1
list************************,1
GD,1
x,1
ms,1
FileName:,1
existing,1
variable,1
close,1
unchanged,1
\"\MonthSelector"\\,1
control,1
space,1
After,1
Website:,1
digits,1
days,1
RGB,1
seconds,1
Picker,1
set,1
Generate,1
false:Sunday,1
2000,1
language,1
accesses,1
Crop,1
enough,1
μμ,1
character,1
Current,1
Cal.Year,1
Returns,1
InvalidArgumentException,1
pickable,1
Creator:,1
there,1
